"Name","Year","Rating","Runtime","Genre","Number_of_Votes"
"Jai Bhim",2021,"9.3",164,"Crime, Drama            ",169382
"The Shawshank Redemption",1994,"9.3",142,"Drama            ",2530228
"The Godfather",1972,"9.2",175,"Crime, Drama            ",1741988
"Soorarai Pottru",2020,"9.1",153,"Drama            ",106426
"The Dark Knight",2008,"9.0",152,"Action, Crime, Drama            ",2480747
"The Godfather: Part II",1974,"9.0",202,"Crime, Drama            ",1208565
"12 Angry Men",1957,"9.0",96,"Crime, Drama            ",747575
"The Lord of the Rings: The Return of the King",2003,"8.9",201,"Action, Adventure, Drama            ",1746116
"Pulp Fiction",1994,"8.9",154,"Crime, Drama            ",1949048
"Schindler's List",1993,"8.9",195,"Biography, Drama, History            ",1292782
"Inception",2010,"8.8",148,"Action, Adventure, Sci-Fi            ",2223526
"Fight Club",1999,"8.8",139,"Drama            ",1990008
"The Lord of the Rings: The Fellowship of the Ring",2001,"8.8",178,"Action, Adventure, Drama            ",1767425
"Forrest Gump",1994,"8.8",142,"Drama, Romance            ",1952801
"Il buono, il brutto, il cattivo",1966,"8.8",161,"Adventure, Western            ",731250
"Spider-Man: No Way Home",2021,"8.7",148,"Action, Adventure, Fantasy            ",404425
"Dara iz Jasenovca",2020,"8.7",130,"Drama, War            ",80218
"Shershaah",2021,"8.7",135,"Action, Biography, Drama            ",112185
"Sardar Udham",2021,"8.7",164,"Biography, Crime, Drama            ",34950
"The Lord of the Rings: The Two Towers",2002,"8.7",179,"Action, Adventure, Drama            ",1577595
"The Matrix",1999,"8.7",136,"Action, Sci-Fi            ",1825370
"Goodfellas",1990,"8.7",146,"Biography, Crime, Drama            ",1094478
"Star Wars: Episode V - The Empire Strikes Back",1980,"8.7",124,"Action, Adventure, Fantasy            ",1228511
"One Flew Over the Cuckoo's Nest",1975,"8.7",133,"Drama            ",969375
"Gisaengchung",2019,"8.6",132,"Comedy, Drama, Thriller            ",708220
"Drishyam 2",2021,"8.6",152,"Crime, Drama, Thriller            ",33390
"Interstellar",2014,"8.6",169,"Adventure, Drama, Sci-Fi            ",1675995
"Cidade de Deus",2002,"8.6",130,"Crime, Drama            ",732191
"Sen to Chihiro no kamikakushi",2001,"8.6",125,"Animation, Adventure, Family            ",713606
"Saving Private Ryan",1998,"8.6",169,"Drama, War            ",1320794
"The Green Mile",1999,"8.6",189,"Crime, Drama, Fantasy            ",1231006
"La vita è bella",1997,"8.6",116,"Comedy, Drama, Romance            ",665215
"Se7en",1995,"8.6",127,"Crime, Drama, Mystery            ",1552536
"The Silence of the Lambs",1991,"8.6",118,"Crime, Drama, Horror            ",1360417
"Star Wars",1977,"8.6",121,"Action, Adventure, Fantasy            ",1299997
"Seppuku",1962,"8.6",133,"Action, Drama, Mystery            ",51645
"Shichinin no samurai",1954,"8.6",207,"Action, Drama            ",334399
"It's a Wonderful Life",1946,"8.6",130,"Comedy, Drama, Family            ",438198
"96",2018,"8.5",158,"Drama, Romance            ",27290
"Whiplash",2014,"8.5",106,"Drama, Music            ",786063
"The Intouchables",2011,"8.5",112,"Biography, Comedy, Drama            ",815323
"The Prestige",2006,"8.5",130,"Drama, Mystery, Thriller            ",1270873
"The Departed",2006,"8.5",151,"Crime, Drama, Thriller            ",1264585
"The Pianist",2002,"8.5",150,"Biography, Drama, Music            ",788685
"Gladiator",2000,"8.5",155,"Action, Adventure, Drama            ",1428559
"American History X",1998,"8.5",119,"Drama            ",1082564
"The Usual Suspects",1995,"8.5",106,"Crime, Drama, Mystery            ",1045807
"Léon",1994,"8.5",110,"Action, Crime, Drama            ",1105666
"The Lion King",1994,"8.5",88,"Animation, Adventure, Drama            ",1004546
"Terminator 2: Judgment Day",1991,"8.5",137,"Action, Sci-Fi            ",1051875
"Nuovo Cinema Paradiso",1988,"8.5",155,"Drama, Romance            ",250335
"Hotaru no haka",1988,"8.5",89,"Animation, Drama, War            ",259771
"Back to the Future",1985,"8.5",116,"Adventure, Comedy, Sci-Fi            ",1138223
"Once Upon a Time in the West",1968,"8.5",165,"Western            ",319251
"Psycho",1960,"8.5",109,"Horror, Mystery, Thriller            ",643059
"Rear Window",1954,"8.5",112,"Mystery, Thriller            ",473679
"Casablanca",1942,"8.5",102,"Drama, Romance, War            ",551656
"Modern Times",1936,"8.5",87,"Comedy, Drama, Family            ",233131
"City Lights",1931,"8.5",87,"Comedy, Drama, Romance            ",178990
"Hamilton",2020,"8.4",160,"Biography, Drama, History            ",81176
"Capharnaüm",2018,"8.4",126,"Drama            ",80564
"Joker",2019,"8.4",122,"Crime, Drama, Thriller            ",1130815
"Ratsasan",2018,"8.4",170,"Crime, Drama, Mystery            ",37500
"Ayla: The Daughter of War",2017,"8.4",125,"Biography, Drama, History            ",37901
"Kimi no na wa.",2016,"8.4",106,"Animation, Drama, Fantasy            ",237785
"Dangal",2016,"8.4",161,"Action, Biography, Drama            ",176947
"Spider-Man: Into the Spider-Verse",2018,"8.4",117,"Animation, Action, Adventure            ",463400
"Avengers: Endgame",2019,"8.4",181,"Action, Adventure, Drama            ",999263
"Avengers: Infinity War",2018,"8.4",149,"Action, Adventure, Sci-Fi            ",971017
"Coco",2017,"8.4",105,"Animation, Adventure, Comedy            ",455901
"Django Unchained",2012,"8.4",165,"Drama, Western            ",1462864
"The Dark Knight Rises",2012,"8.4",164,"Action, Crime, Drama            ",1610156
"3 Idiots",2009,"8.4",170,"Comedy, Drama            ",376557
"Taare Zameen Par",2007,"8.4",165,"Drama, Family            ",184631
"WALL·E",2008,"8.4",98,"Animation, Adventure, Family            ",1063718
"The Lives of Others",2006,"8.4",137,"Drama, Mystery, Thriller            ",378379
"Oldeuboi",2003,"8.4",101,"Action, Drama, Mystery            ",552264
"Memento",2000,"8.4",113,"Mystery, Thriller            ",1189128
"Mononoke-hime",1997,"8.4",134,"Animation, Action, Adventure            ",373748
"Raiders of the Lost Ark",1981,"8.4",115,"Action, Adventure            ",931264
"The Shining",1980,"8.4",146,"Drama, Horror            ",966363
"Apocalypse Now",1979,"8.4",147,"Drama, Mystery, War            ",641142
"Alien",1979,"8.4",117,"Horror, Sci-Fi            ",839758
"Tengoku to jigoku",1963,"8.4",143,"Crime, Drama, Mystery            ",41289
"Dr. Strangelove or: How I Learned to Stop Worrying and Love the Bomb",1964,"8.4",95,"Comedy, War            ",474070
"Witness for the Prosecution",1957,"8.4",116,"Crime, Drama, Mystery            ",119609
"Paths of Glory",1957,"8.4",88,"Drama, War            ",190344
"Pather Panchali",1955,"8.4",125,"Drama            ",30177
"Sunset Blvd.",1950,"8.4",110,"Drama, Film-Noir            ",214565
"The Great Dictator",1940,"8.4",125,"Comedy, Drama, War            ",216828
"Chhichhore",2019,"8.3",143,"Comedy, Drama, Romance            ",47140
"1917",2019,"8.3",119,"Action, Drama, War            ",525191
"Uri: The Surgical Strike",2019,"8.3",138,"Action, Drama, War            ",54845
"Tumbbad",2018,"8.3",104,"Drama, Fantasy, Horror            ",39425
"K.G.F: Chapter 1",2018,"8.3",156,"Action, Crime, Drama            ",53161
"Vikram Vedha",2017,"8.3",147,"Action, Crime, Drama            ",35565
"Drishyam",2013,"8.3",160,"Crime, Drama, Thriller            ",39192
"Jagten",2012,"8.3",115,"Drama            ",312176
"Jodaeiye Nader az Simin",2011,"8.3",123,"Drama            ",235895
"Incendies",2010,"8.3",131,"Drama, Mystery, War            ",167864
"The Father",2020,"8.3",97,"Drama, Mystery            ",119182
"Inglourious Basterds",2009,"8.3",153,"Adventure, Drama, War            ",1365066
"Eternal Sunshine of the Spotless Mind",2004,"8.3",108,"Drama, Romance, Sci-Fi            ",964597
"Le fabuleux destin d'Amélie Poulain",2001,"8.3",122,"Comedy, Romance            ",734217
"Requiem for a Dream",2000,"8.3",102,"Drama            ",807944
"American Beauty",1999,"8.3",122,"Drama            ",1119079
"Good Will Hunting",1997,"8.3",126,"Drama, Romance            ",920270
"Bacheha-Ye aseman",1997,"8.3",89,"Drama, Family, Sport            ",71922
"Toy Story",1995,"8.3",81,"Animation, Adventure, Comedy            ",945826
"Braveheart",1995,"8.3",178,"Biography, Drama, History            ",1003168
"Reservoir Dogs",1992,"8.3",99,"Crime, Drama, Thriller            ",975048
"Full Metal Jacket",1987,"8.3",116,"Drama, War            ",713023
"Idi i smotri",1985,"8.3",142,"Drama, Thriller, War            ",71358
"Aliens",1986,"8.3",137,"Action, Adventure, Sci-Fi            ",690087
"Once Upon a Time in America",1984,"8.3",229,"Crime, Drama            ",336750
"Amadeus",1984,"8.3",160,"Biography, Drama, Music            ",388093
"Scarface",1983,"8.3",170,"Crime, Drama            ",795092
"Star Wars: Episode VI - Return of the Jedi",1983,"8.3",131,"Action, Adventure, Fantasy            ",1004290
"Das Boot",1981,"8.3",149,"Drama, War            ",244054
"Dersu Uzala",1975,"8.3",142,"Adventure, Biography, Drama            ",26904
"The Sting",1973,"8.3",129,"Comedy, Crime, Drama            ",254089
"A Clockwork Orange",1971,"8.3",136,"Crime, Sci-Fi            ",798623
"2001: A Space Odyssey",1968,"8.3",149,"Adventure, Sci-Fi            ",641512
"Lawrence of Arabia",1962,"8.3",228,"Adventure, Biography, Drama            ",284105
"The Apartment",1960,"8.3",125,"Comedy, Drama, Romance            ",175371
"North by Northwest",1959,"8.3",136,"Adventure, Mystery, Thriller            ",317433
"Vertigo",1958,"8.3",128,"Mystery, Romance, Thriller            ",388940
"Singin' in the Rain",1952,"8.3",103,"Comedy, Musical, Romance            ",233217
"Ikiru",1952,"8.3",143,"Drama            ",75317
"Ladri di biciclette",1948,"8.3",89,"Drama            ",158373
"Double Indemnity",1944,"8.3",107,"Crime, Drama, Film-Noir            ",152204
"Citizen Kane",1941,"8.3",119,"Drama, Mystery            ",428814
"M - Eine Stadt sucht einen Mörder",1931,"8.3",117,"Crime, Mystery, Thriller            ",153073
"Metropolis",1927,"8.3",153,"Drama, Sci-Fi            ",169354
"The Kid",1921,"8.3",68,"Comedy, Drama, Family            ",122502
"Andhadhun",2018,"8.2",139,"Comedy, Crime, Music            ",86552
"Green Book",2018,"8.2",130,"Biography, Comedy, Drama            ",445852
"Koe no katachi",2016,"8.2",130,"Animation, Drama            ",69715
"Talvar",2015,"8.2",132,"Crime, Drama, Mystery            ",34043
"Baahubali 2: The Conclusion",2017,"8.2",167,"Action, Drama            ",83906
"Klaus",2019,"8.2",96,"Animation, Adventure, Comedy            ",136744
"Masaan",2015,"8.2",109,"Drama            ",26826
"Drishyam",2015,"8.2",163,"Crime, Drama, Mystery            ",78243
"Queen",2013,"8.2",146,"Adventure, Comedy, Drama            ",64355
"Mandariinid",2013,"8.2",87,"Drama, War            ",45022
"Bhaag Milkha Bhaag",2013,"8.2",186,"Biography, Drama, Sport            ",65789
"Gangs of Wasseypur",2012,"8.2",321,"Action, Comedy, Crime            ",92057
"Udaan",2010,"8.2",134,"Drama            ",44335
"Paan Singh Tomar",2012,"8.2",135,"Action, Biography, Crime            ",35426
"Zindagi Na Milegi Dobara",2011,"8.2",155,"Comedy, Drama, Musical            ",74365
"El secreto de sus ojos",2009,"8.2",129,"Drama, Mystery, Romance            ",203848
"Shutter Island",2010,"8.2",138,"Mystery, Thriller            ",1228943
"Kimetsu no Yaiba: Mugen Ressha-Hen",2020,"8.2",117,"Animation, Action, Adventure            ",44311
"Up",2009,"8.2",96,"Animation, Adventure, Comedy            ",995361
"Miracle in Cell No. 7",2019,"8.2",132,"Drama            ",44762
"Article 15",2019,"8.2",130,"Crime, Drama, Mystery            ",29084
"The Wolf of Wall Street",2013,"8.2",180,"Biography, Comedy, Crime            ",1305028
"Chak De! India",2007,"8.2",153,"Drama, Family, Sport            ",78283
"Babam ve Oglum",2005,"8.2",112,"Drama, Family            ",84408
"There Will Be Blood",2007,"8.2",158,"Drama            ",557551
"Pan's Labyrinth",2006,"8.2",118,"Drama, Fantasy, War            ",647755
"Toy Story 3",2010,"8.2",103,"Animation, Adventure, Comedy            ",800097
"Black",2005,"8.2",122,"Drama            ",34484
"Batman Begins",2005,"8.2",140,"Action, Crime, Drama            ",1386510
"Swades: We, the People",2004,"8.2",210,"Drama, Musical            ",88162
"Der Untergang",2004,"8.2",156,"Biography, Drama, History            ",345989
"Hauru no ugoku shiro",2004,"8.2",119,"Animation, Adventure, Family            ",368681
"A Beautiful Mind",2001,"8.2",135,"Biography, Drama            ",896320
"Hera Pheri",2000,"8.2",156,"Action, Comedy, Crime            ",63568
"Snatch",2000,"8.2",104,"Comedy, Crime            ",825090
"Lock, Stock and Two Smoking Barrels",1998,"8.2",107,"Action, Comedy, Crime            ",563834
"L.A. Confidential",1997,"8.2",138,"Crime, Drama, Mystery            ",562734
"Eskiya",1996,"8.2",128,"Crime, Drama, Thriller            ",68856
"Heat",1995,"8.2",170,"Action, Crime, Drama            ",622116
"Casino",1995,"8.2",178,"Crime, Drama            ",497457
"Unforgiven",1992,"8.2",130,"Drama, Western            ",398226
"Indiana Jones and the Last Crusade",1989,"8.2",127,"Action, Adventure            ",728550
"Tonari no Totoro",1988,"8.2",86,"Animation, Comedy, Family            ",319519
"Die Hard",1988,"8.2",132,"Action, Thriller            ",846176
"Ran",1985,"8.2",162,"Action, Drama, War            ",121486
"Raging Bull",1980,"8.2",129,"Biography, Drama, Sport            ",340958
"Höstsonaten",1978,"8.2",99,"Drama, Music            ",32761
"Taxi Driver",1976,"8.2",114,"Crime, Drama            ",778864
"The Message",1976,"8.2",177,"Biography, Drama, History            ",46312
"Sholay",1975,"8.2",204,"Action, Adventure, Comedy            ",54372
"Monty Python and the Holy Grail",1975,"8.2",91,"Adventure, Comedy, Fantasy            ",525067
"Chinatown",1974,"8.2",130,"Drama, Mystery, Thriller            ",314629
"Anand",1971,"8.2",122,"Drama, Musical            ",33174
"Z",1969,"8.2",127,"Crime, Drama, History            ",27193
"Per qualche dollaro in più",1965,"8.2",132,"Western            ",247715
"The Great Escape",1963,"8.2",172,"Adventure, Drama, History            ",237549
"To Kill a Mockingbird",1962,"8.2",129,"Crime, Drama            ",308085
"Yôjinbô",1961,"8.2",110,"Action, Drama, Thriller            ",119147
"Judgment at Nuremberg",1961,"8.2",179,"Drama, War            ",74953
"Some Like It Hot",1959,"8.2",121,"Comedy, Music, Romance            ",258541
"Smultronstället",1957,"8.2",91,"Drama, Romance            ",104005
"Det sjunde inseglet",1957,"8.2",96,"Drama, Fantasy, History            ",178743
"Dial M for Murder",1954,"8.2",105,"Crime, Thriller            ",169730
"Tôkyô monogatari",1953,"8.2",136,"Drama            ",59087
"Rashômon",1950,"8.2",88,"Crime, Drama, Mystery            ",162885
"All About Eve",1950,"8.2",138,"Drama            ",127862
"The Treasure of the Sierra Madre",1948,"8.2",126,"Adventure, Drama, Western            ",121531
"To Be or Not to Be",1942,"8.2",99,"Comedy, Romance, War            ",34997
"The Gold Rush",1925,"8.2",95,"Adventure, Comedy, Drama            ",108116
"Sherlock Jr.",1924,"8.2",45,"Action, Comedy, Romance            ",47279
"Portrait de la jeune fille en feu",2019,"8.1",122,"Drama, Romance            ",82392
"Pink",2016,"8.1",136,"Crime, Drama, Thriller            ",43413
"Three Billboards Outside Ebbing, Missouri",2017,"8.1",115,"Comedy, Crime, Drama            ",479029
"Contratiempo",2016,"8.1",106,"Crime, Drama, Mystery            ",165956
"Ah-ga-ssi",2016,"8.1",145,"Drama, Romance, Thriller            ",133430
"Mommy",2014,"8.1",139,"Drama            ",55023
"Haider",2014,"8.1",160,"Action, Crime, Drama            ",52855
"Logan",2017,"8.1",137,"Action, Drama, Sci-Fi            ",708824
"Room",2015,"8.1",118,"Drama, Thriller            ",401036
"Relatos salvajes",2014,"8.1",122,"Comedy, Drama, Thriller            ",190367
"Soul",2020,"8.1",100,"Animation, Adventure, Comedy            ",295265
"Kis Uykusu",2014,"8.1",196,"Drama            ",50341
"PK",2014,"8.1",153,"Comedy, Drama, Sci-Fi            ",175464
"OMG: Oh My God!",2012,"8.1",125,"Comedy, Drama, Fantasy            ",56315
"The Grand Budapest Hotel",2014,"8.1",99,"Adventure, Comedy, Crime            ",764945
"Gone Girl",2014,"8.1",149,"Drama, Mystery, Thriller            ",931264
"Ôkami kodomo no Ame to Yuki",2012,"8.1",117,"Animation, Drama, Fantasy            ",42789
"Hacksaw Ridge",2016,"8.1",139,"Biography, Drama, History            ",485272
"Inside Out",2015,"8.1",95,"Animation, Adventure, Comedy            ",671137
"Barfi!",2012,"8.1",151,"Comedy, Drama, Romance            ",79798
"12 Years a Slave",2013,"8.1",134,"Biography, Drama, History            ",675444
"Rush",2013,"8.1",123,"Action, Biography, Drama            ",461135
"Ford v Ferrari",2019,"8.1",152,"Action, Biography, Drama            ",351753
"Spotlight",2015,"8.1",129,"Biography, Crime, Drama            ",451582
"Song of the Sea",2014,"8.1",93,"Animation, Adventure, Drama            ",56417
"Kahaani",2012,"8.1",122,"Mystery, Thriller            ",61511
"Prisoners",2013,"8.1",153,"Crime, Drama, Mystery            ",658840
"Mad Max: Fury Road",2015,"8.1",120,"Action, Adventure, Sci-Fi            ",949097
"Warrior",2011,"8.1",140,"Action, Drama, Sport            ",456376
"A Wednesday",2008,"8.1",104,"Action, Crime, Drama            ",77129
"Zack Snyder's Justice League",2021,"8.1",242,"Action, Adventure, Fantasy            ",356546
"Gran Torino",2008,"8.1",116,"Drama            ",752413
"Harry Potter and the Deathly Hallows: Part 2",2011,"8.1",130,"Adventure, Fantasy, Mystery            ",826826
"Dune: Part One",2021,"8.1",155,"Action, Adventure, Drama            ",454031
"Okuribito",2008,"8.1",130,"Drama, Music            ",51064
"CODA",2021,"8.1",111,"Comedy, Drama, Music            ",36990
"Hachi: A Dog's Tale",2009,"8.1",93,"Biography, Drama, Family            ",272160
"Mary and Max.",2009,"8.1",92,"Animation, Comedy, Drama            ",172915
"How to Train Your Dragon",2010,"8.1",98,"Animation, Action, Adventure            ",706637
"Into the Wild",2007,"8.1",148,"Adventure, Biography, Drama            ",603905
"No Country for Old Men",2007,"8.1",122,"Crime, Drama, Thriller            ",922521
"Lage Raho Munna Bhai",2006,"8.1",144,"Comedy, Drama, Romance            ",45835
"V for Vendetta",2005,"8.1",132,"Action, Drama, Sci-Fi            ",1084459
"Dare mo shiranai",2004,"8.1",141,"Drama            ",26939
"Rang De Basanti",2006,"8.1",167,"Comedy, Crime, Drama            ",117363
"Million Dollar Baby",2004,"8.1",132,"Drama, Sport            ",666650
"Hotel Rwanda",2004,"8.1",121,"Biography, Drama, History            ",347467
"G.O.R.A.",2003,"8.1",127,"Adventure, Comedy, Sci-Fi            ",60809
"Before Sunset",2004,"8.1",80,"Drama, Romance            ",252638
"Munna Bhai M.B.B.S.",2003,"8.1",156,"Comedy, Drama            ",79093
"Salinui chueok",2003,"8.1",131,"Crime, Drama, Mystery            ",166229
"Dil Chahta Hai",2001,"8.1",183,"Comedy, Drama, Romance            ",70467
"Kill Bill: Vol. 1",2003,"8.1",111,"Action, Crime, Drama            ",1066317
"Finding Nemo",2003,"8.1",100,"Animation, Adventure, Comedy            ",1001096
"Catch Me If You Can",2002,"8.1",141,"Biography, Crime, Drama            ",914479
"Amores perros",2000,"8.1",154,"Drama, Thriller            ",234900
"Monsters, Inc.",2001,"8.1",92,"Animation, Adventure, Comedy            ",867502
"Shin seiki Evangelion Gekijô-ban: Air/Magokoro wo, kimi ni",1997,"8.1",87,"Animation, Action, Drama            ",49905
"Lagaan: Once Upon a Time in India",2001,"8.1",224,"Drama, Musical, Sport            ",110699
"The Sixth Sense",1999,"8.1",107,"Drama, Mystery, Thriller            ",955742
"Festen",1998,"8.1",105,"Drama            ",84632
"La leggenda del pianista sull'oceano",1998,"8.1",169,"Drama, Music, Romance            ",62448
"The Truman Show",1998,"8.1",103,"Comedy, Drama            ",1013059
"Crna macka, beli macor",1998,"8.1",127,"Comedy, Crime, Romance            ",52911
"The Big Lebowski",1998,"8.1",117,"Comedy, Crime, Sport            ",779157
"Fa Yeung Nin Wah",2000,"8.1",98,"Drama, Romance            ",141330
"Trainspotting",1996,"8.1",93,"Drama            ",665305
"Fargo",1996,"8.1",98,"Crime, Thriller            ",654227
"Underground",1995,"8.1",170,"Comedy, Drama, Fantasy            ",57496
"La haine",1995,"8.1",98,"Crime, Drama            ",164252
"Dilwale Dulhania Le Jayenge",1995,"8.1",189,"Drama, Romance            ",67349
"Before Sunrise",1995,"8.1",101,"Drama, Romance            ",292819
"Trois couleurs: Rouge",1994,"8.1",99,"Drama, Mystery, Romance            ",100092
"Chung Hing sam lam",1994,"8.1",102,"Comedy, Crime, Drama            ",74756
"Andaz Apna Apna",1994,"8.1",160,"Action, Comedy, Romance            ",52358
"Jurassic Park",1993,"8.1",127,"Action, Adventure, Sci-Fi            ",928001
"In the Name of the Father",1993,"8.1",133,"Biography, Crime, Drama            ",168692
"Ba wang bie ji",1993,"8.1",171,"Drama, History, Music            ",27433
"Da hong deng long gao gao gua",1991,"8.1",125,"Drama, History, Romance            ",31722
"Dom za vesanje",1988,"8.1",142,"Comedy, Crime, Drama            ",29984
"Dead Poets Society",1989,"8.1",128,"Comedy, Drama            ",460706
"The Princess Bride",1987,"8.1",98,"Adventure, Family, Fantasy            ",416288
"Stand by Me",1986,"8.1",89,"Adventure, Drama            ",386309
"Platoon",1986,"8.1",120,"Drama, War            ",401014
"Paris, Texas",1984,"8.1",145,"Drama            ",101873
"Kaze no tani no Naushika",1984,"8.1",117,"Animation, Adventure, Sci-Fi            ",163499
"Nostalgia",1983,"8.1",125,"Drama            ",26009
"The Thing",1982,"8.1",109,"Horror, Mystery, Sci-Fi            ",401959
"Fitzcarraldo",1982,"8.1",158,"Adventure, Drama            ",33935
"Fanny och Alexander",1982,"8.1",188,"Drama            ",62360
"Blade Runner",1982,"8.1",117,"Action, Drama, Sci-Fi            ",737059
"The Elephant Man",1980,"8.1",124,"Biography, Drama            ",233842
"Stalker",1979,"8.1",162,"Drama, Sci-Fi            ",129214
"Life of Brian",1979,"8.1",94,"Comedy            ",387594
"The Deer Hunter",1978,"8.1",183,"Drama, War            ",329248
"Rocky",1976,"8.1",120,"Drama, Sport            ",550300
"Network",1976,"8.1",121,"Drama            ",154478
"Barry Lyndon",1975,"8.1",185,"Adventure, Drama, History            ",161365
"Zerkalo",1975,"8.1",107,"Biography, Drama            ",44503
"Paper Moon",1973,"8.1",102,"Comedy, Crime, Drama            ",45812
"Viskningar och rop",1972,"8.1",91,"Drama            ",33015
"Le samouraï",1967,"8.1",105,"Crime, Drama            ",49487
"Cool Hand Luke",1967,"8.1",127,"Crime, Drama            ",172374
"Persona",1966,"8.1",85,"Drama, Thriller            ",113241
"Andrei Rublev",1966,"8.1",205,"Biography, Drama, History            ",52014
"La battaglia di Algeri",1966,"8.1",121,"Drama, War            ",58009
"El ángel exterminador",1962,"8.1",95,"Drama, Fantasy            ",32328
"What Ever Happened to Baby Jane?",1962,"8.1",134,"Drama, Horror, Thriller            ",53985
"Sanjuro",1962,"8.1",96,"Action, Drama, Thriller            ",37193
"The Man Who Shot Liberty Valance",1962,"8.1",123,"Drama, Western            ",73748
"Ivanovo detstvo",1962,"8.1",95,"Drama, War            ",35089
"Jungfrukällan",1960,"8.1",89,"Drama            ",28478
"Inherit the Wind",1960,"8.1",128,"Biography, Drama, History            ",29422
"Les quatre cents coups",1959,"8.1",99,"Crime, Drama            ",113588
"Ben-Hur",1959,"8.1",212,"Adventure, Drama, History            ",231959
"Kakushi-toride no san-akunin",1958,"8.1",139,"Action, Adventure, Drama            ",37890
"Le notti di Cabiria",1957,"8.1",110,"Drama            ",47328
"Kumonosu-jô",1957,"8.1",110,"Drama, History            ",50609
"The Bridge on the River Kwai",1957,"8.1",161,"Adventure, Drama, War            ",214307
"Du rififi chez les hommes",1955,"8.1",118,"Crime, Drama, Thriller            ",33202
"On the Waterfront",1954,"8.1",108,"Crime, Drama, Thriller            ",150641
"Les diaboliques",1955,"8.1",117,"Crime, Drama, Horror            ",64659
"Le salaire de la peur",1953,"8.1",131,"Adventure, Drama, Thriller            ",59164
"Ace in the Hole",1951,"8.1",111,"Drama, Film-Noir            ",34670
"White Heat",1949,"8.1",114,"Action, Crime, Drama            ",31996
"The Third Man",1949,"8.1",104,"Film-Noir, Mystery, Thriller            ",167554
"The Red Shoes",1948,"8.1",135,"Drama, Music, Romance            ",33740
"Roma città aperta",1945,"8.1",103,"Drama, Thriller, War            ",25616
"The Best Years of Our Lives",1946,"8.1",170,"Drama, Romance, War            ",61859
"The Shop Around the Corner",1940,"8.1",99,"Comedy, Drama, Romance            ",31898
"Rebecca",1940,"8.1",130,"Drama, Film-Noir, Mystery            ",133137
"The Grapes of Wrath",1940,"8.1",129,"Drama            ",90228
"Mr. Smith Goes to Washington",1939,"8.1",129,"Comedy, Drama            ",113008
"Gone with the Wind",1939,"8.1",238,"Drama, History, Romance            ",305820
"La Grande Illusion",1937,"8.1",113,"Drama, War            ",35789
"It Happened One Night",1934,"8.1",105,"Comedy, Romance            ",100558
"All Quiet on the Western Front",1930,"8.1",152,"Drama, War            ",60125
"La passion de Jeanne d'Arc",1928,"8.1",110,"Biography, Drama, History            ",52507
"The Circus",1928,"8.1",72,"Comedy, Family, Romance            ",32819
"Sunrise: A Song of Two Humans",1927,"8.1",94,"Drama, Romance            ",50124
"The General",1926,"8.1",67,"Action, Adventure, Comedy            ",88362
"Das Cabinet des Dr. Caligari",1920,"8.1",76,"Horror, Mystery, Thriller            ",61572
"Badhaai ho",2018,"8.0",124,"Comedy, Drama            ",32243
"Super 30",2019,"8.0",154,"Biography, Drama            ",28356
"WolfWalkers",2020,"8.0",103,"Animation, Adventure, Family            ",28305
"Togo",2019,"8.0",113,"Adventure, Biography, Drama            ",45255
"Airlift",2016,"8.0",130,"Drama, History            ",55818
"M.S. Dhoni: The Untold Story",2016,"8.0",184,"Biography, Drama, Sport            ",50595
"Bajrangi Bhaijaan",2015,"8.0",163,"Action, Adventure, Comedy            ",83111
"Baby",2015,"8.0",159,"Action, Crime, Thriller            ",56293
"La La Land",2016,"8.0",128,"Comedy, Drama, Music            ",552657
"Lion",2016,"8.0",118,"Biography, Drama            ",228740
"The Martian",2015,"8.0",144,"Adventure, Drama, Sci-Fi            ",813152
"Zootopia",2016,"8.0",108,"Animation, Adventure, Comedy            ",470340
"Bãhubali: The Beginning",2015,"8.0",159,"Action, Drama            ",111035
"Kaguya-hime no monogatari",2013,"8.0",137,"Animation, Drama, Family            ",43843
"Wonder",2017,"8.0",113,"Drama, Family            ",156633
"Special Chabbis",2013,"8.0",144,"Crime, Drama, Thriller            ",54689
"Short Term 12",2013,"8.0",96,"Drama            ",86094
"Serbuan maut 2: Berandal",2014,"8.0",150,"Action, Crime, Thriller            ",120119
"The Imitation Game",2014,"8.0",114,"Biography, Drama, Thriller            ",733886
"Guardians of the Galaxy",2014,"8.0",121,"Action, Adventure, Comedy            ",1118929
"Blade Runner 2049",2017,"8.0",164,"Action, Drama, Mystery            ",524901
"Her",2013,"8.0",126,"Drama, Romance, Sci-Fi            ",579824
"The Revenant",2015,"8.0",156,"Action, Adventure, Drama            ",762162
"Tropa de Elite 2: O Inimigo Agora é Outro",2010,"8.0",115,"Action, Crime, Drama            ",81856
"The King's Speech",2010,"8.0",118,"Biography, Drama, History            ",663858
"The Help",2011,"8.0",146,"Drama            ",443827
"Deadpool",2016,"8.0",108,"Action, Adventure, Comedy            ",974032
"Darbareye Elly",2009,"8.0",119,"Drama, Mystery            ",51191
"Dev.D",2009,"8.0",144,"Comedy, Drama, Romance            ",30125
"Ip Man",2008,"8.0",106,"Action, Biography, Drama            ",219434
"My Name Is Khan",2010,"8.0",165,"Drama            ",103898
"Nefes: Vatan Sagolsun",2009,"8.0",128,"Action, Drama, Thriller            ",33147
"Slumdog Millionaire",2008,"8.0",120,"Drama, Romance            ",826043
"Black Swan",2010,"8.0",108,"Drama, Thriller            ",735468
"Tropa de Elite",2007,"8.0",115,"Action, Crime, Drama            ",101866
"The Avengers",2012,"8.0",143,"Action, Adventure, Sci-Fi            ",1333514
"Persepolis",2007,"8.0",96,"Animation, Biography, Drama            ",92830
"Dallas Buyers Club",2013,"8.0",117,"Biography, Drama            ",470184
"The Pursuit of Happyness",2006,"8.0",117,"Biography, Drama            ",485053
"Blood Diamond",2006,"8.0",143,"Adventure, Drama, Thriller            ",528435
"The Bourne Ultimatum",2007,"8.0",115,"Action, Mystery, Thriller            ",622189
"Bin-jip",2004,"8.0",88,"Crime, Drama, Romance            ",53828
"Sin City",2005,"8.0",124,"Crime, Thriller            ",755085
"Le scaphandre et le papillon",2007,"8.0",112,"Biography, Drama            ",106434
"Taegukgi hwinalrimyeo",2004,"8.0",140,"Action, Drama, War            ",39201
"Ratatouille",2007,"8.0",111,"Animation, Adventure, Comedy            ",683575
"Casino Royale",2006,"8.0",144,"Action, Adventure, Thriller            ",635809
"Kill Bill: Vol. 2",2004,"8.0",137,"Action, Crime, Thriller            ",726324
"Vozvrashchenie",2003,"8.0",110,"Drama            ",44760
"Bom yeoreum gaeul gyeoul geurigo bom",2003,"8.0",103,"Drama, Romance            ",81354
"Mar adentro",2004,"8.0",126,"Biography, Drama            ",80481
"Cinderella Man",2005,"8.0",144,"Biography, Drama, History            ",183477
"Mou gaan dou",2002,"8.0",101,"Action, Crime, Drama            ",122452
"Pirates of the Caribbean: The Curse of the Black Pearl",2003,"8.0",143,"Action, Adventure, Fantasy            ",1059519
"Big Fish",2003,"8.0",125,"Adventure, Drama, Fantasy            ",431728
"The Incredibles",2004,"8.0",115,"Animation, Action, Adventure            ",693035
"Yeopgijeogin geunyeo",2001,"8.0",137,"Comedy, Drama, Romance            ",47330
"Dogville",2003,"8.0",178,"Crime, Drama            ",145158
"Vizontele",2001,"8.0",110,"Comedy, Drama            ",35785
"Donnie Darko",2001,"8.0",113,"Drama, Mystery, Sci-Fi            ",773917
"Magnolia",1999,"8.0",188,"Drama            ",304247
"Dancer in the Dark",2000,"8.0",140,"Crime, Drama, Musical            ",107342
"The Straight Story",1999,"8.0",112,"Biography, Drama            ",88232
"Pâfekuto burû",1997,"8.0",81,"Animation, Crime, Drama            ",68968
"Central do Brasil",1998,"8.0",110,"Drama            ",38757
"The Iron Giant",1999,"8.0",86,"Animation, Action, Adventure            ",184343
"Sling Blade",1996,"8.0",135,"Drama            ",92209
"Secrets & Lies",1996,"8.0",136,"Comedy, Drama            ",41978
"Twelve Monkeys",1995,"8.0",129,"Mystery, Sci-Fi, Thriller            ",602588
"Kôkaku Kidôtai",1995,"8.0",83,"Animation, Action, Crime            ",138180
"The Nightmare Before Christmas",1993,"8.0",76,"Animation, Family, Fantasy            ",323153
"Groundhog Day",1993,"8.0",101,"Comedy, Drama, Fantasy            ",602933
"Bound by Honor",1993,"8.0",180,"Crime, Drama            ",30530
"Scent of a Woman",1992,"8.0",156,"Drama            ",283978
"Aladdin",1992,"8.0",90,"Animation, Adventure, Comedy            ",393286
"JFK",1991,"8.0",189,"Drama, History, Thriller            ",151240
"Beauty and the Beast",1991,"8.0",84,"Animation, Family, Fantasy            ",433800
"Dances with Wolves",1990,"8.0",181,"Adventure, Drama, Western            ",254544
"Do the Right Thing",1989,"8.0",120,"Comedy, Drama            ",98573
"Rain Man",1988,"8.0",133,"Drama            ",496584
"Akira",1988,"8.0",124,"Animation, Action, Drama            ",177882
"Der Himmel über Berlin",1987,"8.0",128,"Drama, Fantasy, Romance            ",69030
"Au revoir les enfants",1987,"8.0",104,"Drama, War            ",33083
"Tenkû no shiro Rapyuta",1986,"8.0",125,"Animation, Adventure, Family            ",160400
"Sacrifice",1986,"8.0",149,"Drama            ",27220
"The Terminator",1984,"8.0",107,"Action, Sci-Fi            ",830034
"Pink Floyd: The Wall",1982,"8.0",95,"Drama, Fantasy, Music            ",79390
"Gandhi",1982,"8.0",191,"Biography, Drama            ",225295
"Kagemusha",1980,"8.0",180,"Drama, History, War            ",34773
"Being There",1979,"8.0",130,"Comedy, Drama            ",70830
"Annie Hall",1977,"8.0",93,"Comedy, Romance            ",260437
"All the President's Men",1976,"8.0",138,"Drama, History, Thriller            ",111499
"Jaws",1975,"8.0",124,"Adventure, Thriller            ",572641
"Dog Day Afternoon",1975,"8.0",125,"Biography, Crime, Drama            ",249205
"Young Frankenstein",1974,"8.0",106,"Comedy            ",153824
"Papillon",1973,"8.0",151,"Biography, Crime, Drama            ",127678
"The Exorcist",1973,"8.0",122,"Horror            ",383933
"Solaris",1972,"8.0",167,"Drama, Mystery, Sci-Fi            ",88282
"Sleuth",1972,"8.0",138,"Mystery, Thriller            ",46921
"The Last Picture Show",1971,"8.0",118,"Drama, Romance            ",46467
"Fiddler on the Roof",1971,"8.0",181,"Drama, Family, Musical            ",42415
"Il conformista",1970,"8.0",113,"Drama            ",29427
"Butch Cassidy and the Sundance Kid",1969,"8.0",110,"Biography, Crime, Drama            ",211256
"Rosemary's Baby",1968,"8.0",137,"Drama, Horror            ",207571
"Planet of the Apes",1968,"8.0",112,"Adventure, Sci-Fi            ",174774
"The Graduate",1967,"8.0",106,"Comedy, Drama, Romance            ",266385
"Who's Afraid of Virginia Woolf?",1966,"8.0",131,"Drama            ",73572
"The Sound of Music",1965,"8.0",172,"Biography, Drama, Family            ",221321
"Doctor Zhivago",1965,"8.0",197,"Drama, Romance, War            ",74422
"Per un pugno di dollari",1964,"8.0",99,"Action, Drama, Western            ",210181
"8½",1963,"8.0",138,"Drama            ",115092
"Vivre sa vie: Film en douze tableaux",1962,"8.0",80,"Drama            ",30641
"The Hustler",1961,"8.0",134,"Drama, Sport            ",80226
"La dolce vita",1960,"8.0",174,"Comedy, Drama            ",71037
"Rio Bravo",1959,"8.0",141,"Western            ",60347
"Anatomy of a Murder",1959,"8.0",161,"Drama, Mystery            ",64463
"Touch of Evil",1958,"8.0",95,"Crime, Drama, Film-Noir            ",102591
"Cat on a Hot Tin Roof",1958,"8.0",108,"Drama            ",48061
"Sweet Smell of Success",1957,"8.0",96,"Drama, Film-Noir            ",30716
"The Killing",1956,"8.0",84,"Crime, Drama, Film-Noir            ",87150
"The Night of the Hunter",1955,"8.0",92,"Crime, Drama, Film-Noir            ",86913
"La Strada",1954,"8.0",108,"Drama            ",61688
"Stalag 17",1953,"8.0",120,"Comedy, Drama, War            ",54757
"Roman Holiday",1953,"8.0",118,"Comedy, Romance            ",135071
"High Noon",1952,"8.0",85,"Drama, Thriller, Western            ",102041
"A Streetcar Named Desire",1951,"8.0",122,"Drama            ",105395
"Strangers on a Train",1951,"8.0",101,"Crime, Drama, Film-Noir            ",130942
"In a Lonely Place",1950,"8.0",94,"Drama, Film-Noir, Mystery            ",30146
"Kind Hearts and Coronets",1949,"8.0",106,"Comedy, Crime            ",36576
"Rope",1948,"8.0",80,"Crime, Drama, Mystery            ",138736
"Out of the Past",1947,"8.0",97,"Crime, Drama, Film-Noir            ",35943
"Notorious",1946,"8.0",102,"Drama, Film-Noir, Romance            ",98671
"Brief Encounter",1945,"8.0",86,"Drama, Romance            ",38820
"Laura",1944,"8.0",88,"Drama, Film-Noir, Mystery            ",45962
"Arsenic and Old Lace",1943,"8.0",118,"Comedy, Crime, Thriller            ",69459
"The Maltese Falcon",1941,"8.0",100,"Crime, Film-Noir, Mystery            ",155209
"The Wizard of Oz",1939,"8.0",102,"Adventure, Family, Fantasy            ",384387
"La règle du jeu",1939,"8.0",110,"Comedy, Drama            ",28328
"The Thin Man",1934,"8.0",91,"Comedy, Mystery            ",28752
"Bronenosets Potemkin",1925,"8.0",75,"Drama, History, Thriller            ",56344
"Knives Out",2019,"7.9",130,"Comedy, Crime, Drama            ",566559
"Manbiki kazoku",2018,"7.9",121,"Crime, Drama            ",71899
"Marriage Story",2019,"7.9",137,"Comedy, Drama, Romance            ",285021
"Hindi Medium",2017,"7.9",132,"Comedy, Drama            ",26990
"Call Me by Your Name",2017,"7.9",132,"Drama, Romance            ",248387
"I, Daniel Blake",2016,"7.9",100,"Drama            ",58133
"Hidden Figures",2016,"7.9",127,"Biography, Drama, History            ",217328
"Hunt for the Wilderpeople",2016,"7.9",101,"Adventure, Comedy, Drama            ",124034
"Captain Fantastic",2016,"7.9",118,"Comedy, Drama            ",209942
"Sing Street",2016,"7.9",106,"Comedy, Drama, Music            ",90843
"Thor: Ragnarok",2017,"7.9",130,"Action, Adventure, Comedy            ",674469
"Jojo Rabbit",2019,"7.9",108,"Comedy, Drama, War            ",354717
"Arrival",2016,"7.9",116,"Drama, Sci-Fi            ",656588
"Gully Boy",2019,"7.9",154,"Drama, Music, Romance            ",36852
"Before Midnight",2013,"7.9",109,"Drama, Romance            ",151470
"X-Men: Days of Future Past",2014,"7.9",132,"Action, Adventure, Sci-Fi            ",688839
"Bir Zamanlar Anadolu'da",2011,"7.9",157,"Crime, Drama            ",45240
"Bohemian Rhapsody",2018,"7.9",134,"Biography, Drama, Music            ",503675
"The Perks of Being a Wallflower",2012,"7.9",103,"Drama, Romance            ",490410
"The Artist",2011,"7.9",100,"Comedy, Drama, Romance            ",237854
"Edge of Tomorrow",2014,"7.9",113,"Action, Adventure, Sci-Fi            ",644396
"Amour",2012,"7.9",127,"Drama            ",97860
"Un prophète",2009,"7.9",155,"Crime, Drama            ",97197
"Låt den rätte komma in",2008,"7.9",114,"Action, Crime, Drama            ",212614
"District 9",2009,"7.9",112,"Action, Sci-Fi, Thriller            ",663257
"The Wrestler",2008,"7.9",109,"Drama, Sport            ",299604
"Jab We Met",2007,"7.9",138,"Comedy, Drama, Romance            ",51119
"Boyhood",2014,"7.9",165,"Drama            ",347670
"4 luni, 3 saptamâni si 2 zile",2007,"7.9",113,"Drama            ",59111
"Star Trek",2009,"7.9",127,"Action, Adventure, Sci-Fi            ",594401
"In Bruges",2008,"7.9",107,"Comedy, Crime, Drama            ",408838
"The Man from Earth",2007,"7.9",87,"Drama, Fantasy, Mystery            ",182978
"Letters from Iwo Jima",2006,"7.9",141,"Action, Adventure, Drama            ",159777
"Life of Pi",2012,"7.9",127,"Adventure, Drama, Fantasy            ",608915
"Fantastic Mr. Fox",2009,"7.9",87,"Animation, Adventure, Comedy            ",219466
"C.R.A.Z.Y.",2005,"7.9",129,"Comedy, Drama            ",32501
"Les choristes",2004,"7.9",97,"Comedy, Drama, Music            ",60485
"Iron Man",2008,"7.9",126,"Action, Adventure, Sci-Fi            ",1008199
"Shaun of the Dead",2004,"7.9",99,"Comedy, Horror            ",539323
"Kal Ho Naa Ho",2003,"7.9",186,"Comedy, Drama, Musical            ",67156
"Gegen die Wand",2004,"7.9",121,"Drama, Romance            ",53361
"Mystic River",2003,"7.9",138,"Crime, Drama, Mystery            ",443686
"Harry Potter and the Prisoner of Azkaban",2004,"7.9",142,"Adventure, Family, Fantasy            ",601168
"Ying xiong",2002,"7.9",120,"Action, Adventure, Drama            ",178930
"Sennen joyû",2001,"7.9",87,"Animation, Drama, Fantasy            ",26501
"Hable con ella",2002,"7.9",112,"Drama, Mystery, Romance            ",109907
"No Man's Land",2001,"7.9",98,"Comedy, Drama, War            ",46450
"Cowboy Bebop: Tengoku no tobira",2001,"7.9",115,"Animation, Action, Crime            ",47020
"The Bourne Identity",2002,"7.9",119,"Action, Mystery, Thriller            ",531930
"Nueve reinas",2000,"7.9",114,"Crime, Drama, Thriller            ",51911
"Children of Men",2006,"7.9",109,"Action, Drama, Sci-Fi            ",486572
"Todo sobre mi madre",1999,"7.9",101,"Drama            ",94235
"Almost Famous",2000,"7.9",122,"Adventure, Comedy, Drama            ",268811
"Mulholland Dr.",2001,"7.9",147,"Drama, Mystery, Thriller            ",343185
"Shrek",2001,"7.9",90,"Animation, Adventure, Comedy            ",649104
"Toy Story 2",1999,"7.9",92,"Animation, Adventure, Comedy            ",557592
"Knockin' on Heaven's Door",1997,"7.9",87,"Action, Crime, Comedy            ",29485
"Boogie Nights",1997,"7.9",155,"Drama            ",255146
"Mimi wo sumaseba",1995,"7.9",111,"Animation, Drama, Family            ",58781
"Once Were Warriors",1994,"7.9",102,"Crime, Drama            ",33356
"True Romance",1993,"7.9",119,"Crime, Drama, Romance            ",220091
"Trois couleurs: Bleu",1993,"7.9",94,"Drama, Music, Mystery            ",98291
"Jûbê ninpûchô",1993,"7.9",94,"Animation, Action, Adventure            ",36477
"Carlito's Way",1993,"7.9",144,"Crime, Drama, Thriller            ",211605
"Edward Scissorhands",1990,"7.9",105,"Drama, Fantasy, Romance            ",470992
"My Left Foot: The Story of Christy Brown",1989,"7.9",103,"Biography, Drama            ",72368
"Majo no takkyûbin",1989,"7.9",103,"Animation, Family, Fantasy            ",136682
"Crimes and Misdemeanors",1989,"7.9",104,"Comedy, Drama            ",57055
"The Untouchables",1987,"7.9",119,"Crime, Drama, Thriller            ",299048
"Hannah and Her Sisters",1986,"7.9",107,"Comedy, Drama            ",70262
"Brazil",1985,"7.9",132,"Drama, Sci-Fi            ",196922
"This Is Spinal Tap",1984,"7.9",82,"Comedy, Music            ",136517
"A Christmas Story",1983,"7.9",93,"Comedy, Family            ",145435
"The Blues Brothers",1980,"7.9",133,"Action, Adventure, Comedy            ",193353
"Manhattan",1979,"7.9",96,"Comedy, Drama, Romance            ",137755
"All That Jazz",1979,"7.9",123,"Drama, Music, Musical            ",30570
"Dawn of the Dead",1978,"7.9",127,"Horror, Thriller            ",117567
"La montaña sagrada",1973,"7.9",114,"Adventure, Drama, Fantasy            ",41201
"Amarcord",1973,"7.9",123,"Comedy, Drama            ",42477
"Le charme discret de la bourgeoisie",1972,"7.9",102,"Comedy            ",41731
"Aguirre, der Zorn Gottes",1972,"7.9",95,"Action, Adventure, Biography            ",55653
"Harold and Maude",1971,"7.9",91,"Comedy, Drama, Romance            ",75784
"Patton",1970,"7.9",172,"Biography, Drama, War            ",99882
"The Wild Bunch",1969,"7.9",145,"Action, Adventure, Western            ",82555
"Night of the Living Dead",1968,"7.9",96,"Horror, Thriller            ",124338
"The Lion in Winter",1968,"7.9",134,"Biography, Drama, History            ",30855
"In the Heat of the Night",1967,"7.9",110,"Crime, Drama, Mystery            ",72941
"In Cold Blood",1967,"7.9",134,"Biography, Crime, Drama            ",26032
"Charade",1963,"7.9",113,"Comedy, Mystery, Romance            ",74485
"The Manchurian Candidate",1962,"7.9",126,"Drama, Thriller            ",74291
"Spartacus",1960,"7.9",197,"Adventure, Biography, Drama            ",131629
"Hiroshima mon amour",1959,"7.9",90,"Drama, Romance            ",30804
"The Ten Commandments",1956,"7.9",220,"Adventure, Drama, Family            ",68198
"The Searchers",1956,"7.9",119,"Adventure, Drama, Western            ",86435
"East of Eden",1955,"7.9",118,"Drama            ",44340
"The Big Heat",1953,"7.9",89,"Crime, Film-Noir, Thriller            ",25964
"Harvey",1950,"7.9",104,"Comedy, Drama, Fantasy            ",54652
"The Asphalt Jungle",1950,"7.9",112,"Crime, Drama, Film-Noir            ",26000
"Miracle on 34th Street",1947,"7.9",96,"Comedy, Drama, Family            ",46986
"The Big Sleep",1946,"7.9",114,"Crime, Film-Noir, Mystery            ",83719
"La belle et la bête",1946,"7.9",96,"Drama, Fantasy, Romance            ",25908
"The Lost Weekend",1945,"7.9",101,"Drama, Film-Noir            ",35899
"Sullivan's Travels",1941,"7.9",90,"Adventure, Comedy, Drama            ",25766
"The Philadelphia Story",1940,"7.9",112,"Comedy, Romance            ",67391
"His Girl Friday",1940,"7.9",92,"Comedy, Drama, Romance            ",57086
"Stagecoach",1939,"7.9",96,"Adventure, Drama, Western            ",47278
"Bringing Up Baby",1938,"7.9",102,"Comedy            ",59935
"The Adventures of Robin Hood",1938,"7.9",102,"Action, Adventure, Romance            ",49981
"A Night at the Opera",1935,"7.9",96,"Comedy, Music, Musical            ",32257
"King Kong",1933,"7.9",100,"Adventure, Horror, Sci-Fi            ",83540
"Freaks",1932,"7.9",64,"Drama, Horror            ",45008
"Nosferatu",1922,"7.9",94,"Fantasy, Horror            ",93834
"The Gentlemen",2019,"7.8",113,"Action, Comedy, Crime            ",298704
"Badla",2019,"7.8",118,"Crime, Drama, Mystery            ",26387
"Doragon bôru chô: Burorî",2018,"7.8",100,"Animation, Action, Adventure            ",25464
"Raazi",2018,"7.8",138,"Action, Drama, Thriller            ",28890
"Sound of Metal",2019,"7.8",120,"Drama, Music            ",113635
"Isle of Dogs",2018,"7.8",101,"Animation, Adventure, Comedy            ",158621
"Dunkirk",2017,"7.8",106,"Action, Drama, History            ",614520
"Perfetti sconosciuti",2016,"7.8",96,"Comedy, Drama            ",62443
"Paddington 2",2017,"7.8",103,"Adventure, Comedy, Family            ",70871
"Udta Punjab",2016,"7.8",148,"Action, Crime, Drama            ",29425
"Kubo and the Two Strings",2016,"7.8",101,"Animation, Action, Adventure            ",125299
"Manchester by the Sea",2016,"7.8",137,"Drama            ",268066
"Under sandet",2015,"7.8",100,"Drama, History, War            ",39561
"Rogue One",2016,"7.8",133,"Action, Adventure, Sci-Fi            ",593305
"West Side Story",2021,"7.8",156,"Crime, Drama, Musical            ",26039
"Captain America: Civil War",2016,"7.8",147,"Action, Adventure, Sci-Fi            ",733811
"The Hateful Eight",2015,"7.8",168,"Crime, Drama, Mystery            ",565943
"Little Women",2019,"7.8",135,"Drama, Romance            ",181482
"Loving Vincent",2017,"7.8",94,"Animation, Biography, Crime            ",55637
"Pride",2014,"7.8",119,"Biography, Comedy, Drama            ",55060
"Nightcrawler",2014,"7.8",117,"Crime, Drama, Thriller            ",509803
"Star Wars: Episode VII - The Force Awakens",2015,"7.8",138,"Action, Adventure, Sci-Fi            ",897633
"La grande bellezza",2013,"7.8",141,"Drama            ",87399
"The Lunchbox",2013,"7.8",104,"Drama, Romance            ",54307
"Vicky Donor",2012,"7.8",126,"Comedy, Romance            ",42180
"Big Hero 6",2014,"7.8",102,"Animation, Action, Adventure            ",438961
"Kai po che!",2013,"7.8",130,"Drama, Sport            ",35954
"About Time",2013,"7.8",123,"Comedy, Drama, Fantasy            ",330224
"English Vinglish",2012,"7.8",134,"Comedy, Drama, Family            ",35466
"Kaze tachinu",2013,"7.8",126,"Animation, Biography, Drama            ",81069
"La migliore offerta",2013,"7.8",131,"Crime, Drama, Mystery            ",115278
"Moonrise Kingdom",2012,"7.8",94,"Comedy, Drama, Romance            ",338619
"How to Train Your Dragon 2",2014,"7.8",102,"Animation, Action, Adventure            ",322262
"The Big Short",2015,"7.8",130,"Biography, Comedy, Drama            ",404928
"Ang-ma-reul bo-at-da",2010,"7.8",144,"Action, Crime, Drama            ",123212
"The Girl with the Dragon Tattoo",2011,"7.8",158,"Crime, Drama, Mystery            ",448964
"Captain Phillips",2013,"7.8",134,"Action, Biography, Crime            ",444507
"Ajeossi",2010,"7.8",119,"Action, Crime, Drama            ",67525
"Straight Outta Compton",2015,"7.8",147,"Biography, Drama, History            ",192841
"The Irishman",2019,"7.8",209,"Biography, Crime, Drama            ",362557
"Madeo",2009,"7.8",129,"Crime, Drama, Mystery            ",60422
"Chugyeokja",2008,"7.8",125,"Action, Crime, Drama            ",63713
"Moon",2009,"7.8",97,"Drama, Mystery, Sci-Fi            ",349821
"The Hobbit: The Desolation of Smaug",2013,"7.8",161,"Adventure, Fantasy            ",633569
"Das weiße Band - Eine deutsche Kindergeschichte",2009,"7.8",144,"Drama, History, Mystery            ",72066
"Män som hatar kvinnor",2009,"7.8",152,"Crime, Drama, Mystery            ",214247
"Skyfall",2012,"7.8",143,"Action, Adventure, Thriller            ",677042
"The Trial of the Chicago 7",2020,"7.8",129,"Drama, History, Thriller            ",165897
"Druk",2020,"7.8",117,"Comedy, Drama            ",129024
"The Fighter",2010,"7.8",116,"Action, Biography, Drama            ",355753
"Taken",2008,"7.8",90,"Action, Crime, Thriller            ",587338
"The Boy in the Striped Pyjamas",2008,"7.8",94,"Drama, History, War            ",207526
"Once",2007,"7.8",86,"Drama, Music, Romance            ",114693
"The Hobbit: An Unexpected Journey",2012,"7.8",169,"Adventure, Fantasy            ",793507
"Auf der anderen Seite",2007,"7.8",122,"Drama            ",31774
"Atonement",2007,"7.8",123,"Drama, Mystery, Romance            ",268074
"Drive",2011,"7.8",100,"Action, Drama            ",606862
"American Gangster",2007,"7.8",157,"Biography, Crime, Drama            ",413643
"Avatar",2009,"7.8",162,"Action, Adventure, Fantasy            ",1175287
"Mr. Nobody",2009,"7.8",141,"Drama, Fantasy, Romance            ",227312
"Apocalypto",2006,"7.8",139,"Action, Adventure, Drama            ",303946
"The Fall",2006,"7.8",117,"Adventure, Drama, Fantasy            ",110653
"Little Miss Sunshine",2006,"7.8",101,"Comedy, Drama            ",461657
"Hot Fuzz",2007,"7.8",121,"Action, Comedy, Mystery            ",489529
"The Curious Case of Benjamin Button",2008,"7.8",166,"Drama, Fantasy, Romance            ",625103
"Veer-Zaara",2004,"7.8",192,"Drama, Family, Musical            ",51625
"Adams æbler",2005,"7.8",94,"Comedy, Crime, Drama            ",49281
"Pride & Prejudice",2005,"7.8",129,"Drama, Romance            ",280850
"The World's Fastest Indian",2005,"7.8",127,"Biography, Drama, Sport            ",53878
"Tôkyô goddofâzâzu",2003,"7.8",90,"Animation, Adventure, Comedy            ",37339
"Serenity",2005,"7.8",119,"Action, Adventure, Sci-Fi            ",291536
"Kung fu",2004,"7.8",99,"Action, Comedy, Fantasy            ",134964
"Walk the Line",2005,"7.8",136,"Biography, Drama, Music            ",244470
"Ondskan",2003,"7.8",113,"Drama            ",37488
"The Notebook",2004,"7.8",123,"Drama, Romance            ",549984
"Diarios de motocicleta",2004,"7.8",126,"Adventure, Biography, Drama            ",99903
"Lilja 4-ever",2002,"7.8",109,"Crime, Drama            ",44816
"Les triplettes de Belleville",2003,"7.8",80,"Animation, Comedy, Drama            ",53696
"Gongdong gyeongbi guyeok JSA",2000,"7.8",110,"Action, Drama, Thriller            ",28982
"Waking Life",2001,"7.8",99,"Animation, Drama, Fantasy            ",63068
"Remember the Titans",2000,"7.8",113,"Biography, Drama, Sport            ",208299
"Wo hu cang long",2000,"7.8",120,"Action, Adventure, Drama            ",263444
"Cast Away",2000,"7.8",143,"Adventure, Drama, Romance            ",565723
"The Insider",1999,"7.8",157,"Biography, Drama, Thriller            ",167698
"October Sky",1999,"7.8",108,"Biography, Drama, Family            ",88238
"Titanic",1997,"7.8",194,"Drama, Romance            ",1116410
"Ta'm e guilass",1997,"7.8",95,"Drama            ",28503
"Gattaca",1997,"7.8",106,"Drama, Sci-Fi, Thriller            ",294020
"Breaking the Waves",1996,"7.8",159,"Drama            ",65452
"Ed Wood",1994,"7.8",127,"Biography, Comedy, Drama            ",172361
"Tombstone",1993,"7.8",130,"Action, Biography, Drama            ",139807
"The Sandlot",1993,"7.8",101,"Comedy, Drama, Family            ",86895
"The Remains of the Day",1993,"7.8",134,"Drama, Romance            ",71606
"Naked",1993,"7.8",131,"Comedy, Drama            ",38014
"The Fugitive",1993,"7.8",130,"Action, Crime, Drama            ",283909
"A Bronx Tale",1993,"7.8",121,"Crime, Drama            ",136367
"Batman: Mask of the Phantasm",1993,"7.8",76,"Animation, Action, Adventure            ",47574
"Lat sau san taam",1992,"7.8",128,"Action, Crime, Thriller            ",49304
"La double vie de Véronique",1991,"7.8",98,"Drama, Fantasy, Music            ",46700
"Boyz n the Hood",1991,"7.8",112,"Crime, Drama            ",135576
"Yume",1990,"7.8",119,"Drama, Fantasy            ",25720
"Misery",1990,"7.8",107,"Drama, Thriller            ",199736
"Awakenings",1990,"7.8",121,"Biography, Drama            ",135753
"Glory",1989,"7.8",122,"Biography, Drama, History            ",131538
"Dip huet seung hung",1989,"7.8",111,"Action, Crime, Drama            ",47558
"Back to the Future Part II",1989,"7.8",108,"Adventure, Comedy, Sci-Fi            ",510365
"Mississippi Burning",1988,"7.8",128,"Crime, Drama, History            ",96837
"Predator",1987,"7.8",107,"Action, Adventure, Horror            ",393919
"Ferris Bueller's Day Off",1986,"7.8",103,"Comedy            ",342529
"The Goonies",1985,"7.8",114,"Adventure, Comedy, Family            ",261146
"The Color Purple",1985,"7.8",154,"Drama            ",83884
"The Breakfast Club",1985,"7.8",97,"Comedy, Drama            ",379271
"The Killing Fields",1984,"7.8",141,"Biography, Drama, History            ",54499
"Ghostbusters",1984,"7.8",105,"Action, Comedy, Fantasy            ",394907
"The Right Stuff",1983,"7.8",193,"Adventure, Biography, Drama            ",60126
"The King of Comedy",1982,"7.8",109,"Comedy, Crime, Drama            ",98524
"E.T. the Extra-Terrestrial",1982,"7.8",115,"Adventure, Family, Sci-Fi            ",393805
"Kramer vs. Kramer",1979,"7.8",105,"Drama            ",141216
"Days of Heaven",1978,"7.8",94,"Drama, Romance            ",56546
"The Outlaw Josey Wales",1976,"7.8",135,"Western            ",71297
"The Man Who Would Be King",1975,"7.8",129,"Adventure, History, War            ",47852
"The Conversation",1974,"7.8",113,"Drama, Mystery, Thriller            ",107785
"La planète sauvage",1973,"7.8",72,"Animation, Sci-Fi            ",29227
"The Day of the Jackal",1973,"7.8",143,"Crime, Drama, Thriller            ",39905
"Badlands",1973,"7.8",94,"Action, Crime, Drama            ",70956
"Cabaret",1972,"7.8",124,"Drama, Music, Musical            ",52909
"Willy Wonka & the Chocolate Factory",1971,"7.8",100,"Family, Fantasy, Musical            ",193189
"Midnight Cowboy",1969,"7.8",113,"Drama            ",108041
"Wait Until Dark",1967,"7.8",108,"Thriller            ",29816
"Guess Who's Coming to Dinner",1967,"7.8",108,"Comedy, Drama            ",43880
"Bonnie and Clyde",1967,"7.8",111,"Action, Biography, Crime            ",109628
"Les parapluies de Cherbourg",1964,"7.8",91,"Drama, Musical, Romance            ",26492
"My Fair Lady",1964,"7.8",170,"Drama, Family, Musical            ",92822
"Mary Poppins",1964,"7.8",139,"Comedy, Family, Fantasy            ",166973
"The Longest Day",1962,"7.8",178,"Action, Drama, History            ",54534
"Jules et Jim",1962,"7.8",105,"Drama, Romance            ",40269
"The Innocents",1961,"7.8",100,"Horror            ",29501
"L'avventura",1960,"7.8",144,"Drama, Mystery, Romance            ",28722
"À bout de souffle",1960,"7.8",90,"Crime, Drama            ",78637
"The Quiet Man",1952,"7.8",129,"Comedy, Drama, Romance            ",37388
"The African Queen",1951,"7.8",105,"Adventure, Drama, Romance            ",76977
"Red River",1948,"7.8",133,"Drama, Western            ",30336
"Key Largo",1948,"7.8",100,"Action, Crime, Drama            ",39716
"To Have and Have Not",1944,"7.8",100,"Adventure, Comedy, Film-Noir            ",33607
"Gaslight",1944,"7.8",114,"Crime, Drama, Mystery            ",27326
"Shadow of a Doubt",1943,"7.8",108,"Film-Noir, Thriller            ",63672
"The Lady Vanishes",1938,"7.8",96,"Mystery, Thriller            ",51021
"Bride of Frankenstein",1935,"7.8",75,"Drama, Horror, Sci-Fi            ",46886
"Duck Soup",1933,"7.8",69,"Comedy, Musical            ",59257
"Frankenstein",1931,"7.8",70,"Drama, Horror, Sci-Fi            ",70121
"The Mitchells vs the Machines",2021,"7.7",113,"Animation, Adventure, Comedy            ",86578
"Roma",2018,"7.7",135,"Drama            ",151791
"God's Own Country",2017,"7.7",104,"Drama, Romance            ",29002
"Deadpool 2",2018,"7.7",119,"Action, Adventure, Comedy            ",537410
"Wind River",2017,"7.7",107,"Crime, Drama, Mystery            ",235064
"Forushande",2016,"7.7",124,"Drama            ",57601
"Get Out",2017,"7.7",104,"Horror, Mystery, Thriller            ",546393
"Mission: Impossible - Fallout",2018,"7.7",147,"Action, Adventure, Thriller            ",314994
"En man som heter Ove",2015,"7.7",116,"Comedy, Drama, Romance            ",52297
"What We Do in the Shadows",2014,"7.7",86,"Comedy, Horror            ",173888
"Omoide no Mânî",2014,"7.7",103,"Animation, Drama, Family            ",37811
"The Theory of Everything",2014,"7.7",123,"Biography, Drama, Romance            ",432700
"Kingsman: The Secret Service",2014,"7.7",129,"Action, Adventure, Comedy            ",633170
"The Fault in Our Stars",2014,"7.7",126,"Drama, Romance            ",363388
"Me and Earl and the Dying Girl",2015,"7.7",105,"Comedy, Drama            ",128729
"Birdman or (The Unexpected Virtue of Ignorance)",2014,"7.7",119,"Comedy, Drama            ",609955
"Le passé",2013,"7.7",130,"Drama, Mystery            ",47910
"La vie d'Adèle",2013,"7.7",180,"Drama, Romance            ",147196
"The Broken Circle Breakdown",2012,"7.7",111,"Drama, Music, Romance            ",40709
"Toy Story 4",2019,"7.7",100,"Animation, Adventure, Comedy            ",231120
"Captain America: The Winter Soldier",2014,"7.7",136,"Action, Adventure, Sci-Fi            ",798961
"Rockstar",2011,"7.7",159,"Drama, Music, Romance            ",42892
"Nebraska",2013,"7.7",115,"Adventure, Comedy, Drama            ",116302
"Wreck-It Ralph",2012,"7.7",101,"Animation, Adventure, Comedy            ",404004
"Le Petit Prince",2015,"7.7",108,"Animation, Adventure, Drama            ",60346
"Detachment",2011,"7.7",98,"Drama            ",82236
"Midnight in Paris",2011,"7.7",94,"Comedy, Fantasy, Romance            ",409650
"Kokuhaku",2010,"7.7",106,"Drama, Thriller            ",38032
"The Lego Movie",2014,"7.7",100,"Animation, Action, Adventure            ",340377
"Gravity",2013,"7.7",91,"Drama, Sci-Fi, Thriller            ",802621
"Star Trek Into Darkness",2013,"7.7",132,"Action, Adventure, Sci-Fi            ",476123
"Beasts of No Nation",2015,"7.7",137,"Drama, War            ",79079
"The Social Network",2010,"7.7",120,"Biography, Drama            ",670050
"X: First Class",2011,"7.7",131,"Action, Adventure, Sci-Fi            ",671492
"The Hangover",2009,"7.7",100,"Comedy            ",755270
"Silver Linings Playbook",2012,"7.7",122,"Comedy, Drama, Romance            ",690302
"Argo",2012,"7.7",120,"Biography, Drama, Thriller            ",598364
"Harry Potter and the Deathly Hallows: Part 1",2010,"7.7",146,"Adventure, Family, Fantasy            ",519572
"Gake no ue no Ponyo",2008,"7.7",101,"Animation, Adventure, Comedy            ",136433
"Frost/Nixon",2008,"7.7",122,"Biography, Drama, History            ",106634
"Papurika",2006,"7.7",90,"Animation, Drama, Fantasy            ",78858
"Changeling",2008,"7.7",141,"Biography, Crime, Drama            ",249856
"Flipped",2010,"7.7",90,"Comedy, Drama, Romance            ",87772
"Toki o kakeru shôjo",2006,"7.7",98,"Animation, Adventure, Comedy            ",64196
"This Is England",2006,"7.7",101,"Crime, Drama            ",120090
"Ex Machina",2014,"7.7",108,"Drama, Sci-Fi, Thriller            ",514769
"Efter brylluppet",2006,"7.7",120,"Drama            ",34017
"The Last King of Scotland",2006,"7.7",123,"Biography, Drama, History            ",182798
"Zodiac",2007,"7.7",157,"Crime, Drama, Mystery            ",511180
"Lucky Number Slevin",2006,"7.7",110,"Crime, Drama, Thriller            ",308207
"Joyeux Noël",2005,"7.7",116,"Drama, History, Music            ",29414
"Control",2007,"7.7",122,"Biography, Drama, Music            ",64177
"Tangled",2010,"7.7",100,"Animation, Adventure, Comedy            ",431868
"Zwartboek",2006,"7.7",145,"Drama, Thriller, War            ",75572
"Brokeback Mountain",2005,"7.7",134,"Drama, Romance            ",344196
"3:10 to Yuma",2007,"7.7",122,"Action, Crime, Drama            ",301911
"Crash",2004,"7.7",112,"Crime, Drama, Thriller            ",430219
"The Bourne Supremacy",2004,"7.7",108,"Action, Mystery, Thriller            ",452297
"The Machinist",2004,"7.7",101,"Drama, Thriller            ",376647
"Ray",2004,"7.7",152,"Biography, Drama, Music            ",144659
"Lost in Translation",2003,"7.7",102,"Comedy, Drama            ",439468
"Harry Potter and the Goblet of Fire",2005,"7.7",157,"Adventure, Family, Fantasy            ",594896
"Man on Fire",2004,"7.7",146,"Action, Crime, Drama            ",351291
"Coraline",2009,"7.7",100,"Animation, Drama, Family            ",214629
"The Last Samurai",2003,"7.7",154,"Action, Drama            ",422261
"The Magdalene Sisters",2002,"7.7",114,"Drama            ",26903
"Good Bye Lenin!",2003,"7.7",121,"Comedy, Drama, Romance            ",143381
"In America",2002,"7.7",105,"Drama            ",42697
"Adaptation.",2002,"7.7",115,"Comedy, Drama            ",188082
"Black Hawk Down",2001,"7.7",144,"Action, Drama, History            ",383285
"Road to Perdition",2002,"7.7",117,"Crime, Drama, Thriller            ",260464
"Das Experiment",2001,"7.7",120,"Drama, Thriller            ",92947
"Billy Elliot",2000,"7.7",110,"Drama, Music            ",132223
"Hedwig and the Angry Inch",2001,"7.7",95,"Comedy, Drama, Music            ",34919
"The Count of Monte Cristo",2002,"7.7",131,"Action, Adventure, Drama            ",134895
"Ocean's Eleven",2001,"7.7",116,"Crime, Thriller            ",549048
"Vampire Hunter D: Bloodlust",2000,"7.7",103,"Animation, Action, Drama            ",31046
"O Brother, Where Art Thou?",2000,"7.7",107,"Adventure, Comedy, Crime            ",302155
"Interstate 60: Episodes of the Road",2002,"7.7",116,"Adventure, Comedy, Drama            ",31787
"South Park: Bigger, Longer & Uncut",1999,"7.7",81,"Animation, Comedy, Fantasy            ",200527
"Office Space",1999,"7.7",89,"Comedy            ",256234
"Happiness",1998,"7.7",134,"Comedy, Drama            ",69070
"The Boondock Saints",1999,"7.7",108,"Action, Thriller            ",235110
"Training Day",2001,"7.7",122,"Crime, Drama, Thriller            ",417114
"Lola rennt",1998,"7.7",81,"Crime, Drama, Thriller            ",195448
"Rushmore",1998,"7.7",93,"Comedy, Drama, Romance            ",180154
"Abre los ojos",1997,"7.7",119,"Drama, Mystery, Sci-Fi            ",68079
"Mulan",1998,"7.7",88,"Animation, Adventure, Comedy            ",274347
"Being John Malkovich",1999,"7.7",113,"Comedy, Drama, Fantasy            ",326760
"As Good as It Gets",1997,"7.7",139,"Comedy, Drama, Romance            ",291315
"Hana-bi",1997,"7.7",103,"Crime, Drama, Romance            ",29810
"The Game",1997,"7.7",129,"Drama, Mystery, Thriller            ",376889
"The Fifth Element",1997,"7.7",126,"Action, Adventure, Sci-Fi            ",456906
"Le dîner de cons",1998,"7.7",80,"Comedy            ",40632
"Donnie Brasco",1997,"7.7",127,"Biography, Crime, Drama            ",295685
"Chun gwong cha sit",1997,"7.7",96,"Drama, Romance            ",27015
"Shine",1996,"7.7",105,"Biography, Drama, Music            ",53465
"Primal Fear",1996,"7.7",129,"Crime, Drama, Mystery            ",204797
"Hamlet",1996,"7.7",242,"Drama            ",37488
"Sense and Sensibility",1995,"7.7",136,"Drama, Romance            ",111601
"A Little Princess",1995,"7.7",97,"Drama, Family, Fantasy            ",33911
"Do lok tin si",1995,"7.7",99,"Comedy, Crime, Drama            ",35044
"Il postino",1994,"7.7",108,"Biography, Comedy, Drama            ",35668
"Clerks",1994,"7.7",92,"Comedy            ",218296
"What's Eating Gilbert Grape",1993,"7.7",118,"Drama            ",229112
"Short Cuts",1993,"7.7",188,"Comedy, Drama            ",44141
"Philadelphia",1993,"7.7",125,"Drama            ",235338
"The Muppet Christmas Carol",1992,"7.7",85,"Comedy, Drama, Family            ",56990
"Malcolm X",1992,"7.7",202,"Biography, Drama, History            ",91890
"The Last of the Mohicans",1992,"7.7",112,"Action, Adventure, Drama            ",163032
"Kurenai no buta",1992,"7.7",94,"Animation, Adventure, Comedy            ",85278
"Glengarry Glen Ross",1992,"7.7",100,"Crime, Drama, Mystery            ",102311
"A Few Good Men",1992,"7.7",138,"Drama, Thriller            ",251862
"Night on Earth",1991,"7.7",129,"Comedy, Drama            ",58897
"Fried Green Tomatoes",1991,"7.7",130,"Drama            ",72276
"Barton Fink",1991,"7.7",116,"Comedy, Drama, Thriller            ",118615
"Miller's Crossing",1990,"7.7",115,"Crime, Drama, Thriller            ",132456
"Who Framed Roger Rabbit",1988,"7.7",104,"Animation, Adventure, Comedy            ",194069
"Spoorloos",1988,"7.7",107,"Mystery, Thriller            ",37576
"The Last Emperor",1987,"7.7",163,"Biography, Drama, History            ",100046
"Evil Dead II",1987,"7.7",84,"Comedy, Horror            ",157523
"Empire of the Sun",1987,"7.7",153,"Drama, History, War            ",122220
"Der Name der Rose",1986,"7.7",130,"Drama, History, Mystery            ",106444
"Down by Law",1986,"7.7",107,"Comedy, Crime, Drama            ",50540
"Blue Velvet",1986,"7.7",120,"Crime, Drama, Mystery            ",192195
"The Purple Rose of Cairo",1985,"7.7",82,"Comedy, Fantasy, Romance            ",50626
"After Hours",1985,"7.7",97,"Comedy, Crime, Drama            ",66390
"Zelig",1983,"7.7",79,"Comedy            ",41529
"The Verdict",1982,"7.7",129,"Drama            ",38812
"Star Trek II: The Wrath of Khan",1982,"7.7",113,"Action, Adventure, Sci-Fi            ",118187
"First Blood",1982,"7.7",93,"Action, Adventure, Thriller            ",242348
"Ordinary People",1980,"7.7",124,"Drama            ",50377
"Airplane!",1980,"7.7",88,"Comedy            ",229164
"Halloween",1978,"7.7",91,"Horror, Thriller            ",261717
"Nashville",1975,"7.7",160,"Comedy, Drama, Music            ",25628
"Love and Death",1975,"7.7",85,"Comedy, War            ",37862
"The Taking of Pelham One Two Three",1974,"7.7",104,"Action, Crime, Thriller            ",29687
"Blazing Saddles",1974,"7.7",93,"Comedy, Western            ",134293
"Serpico",1973,"7.7",130,"Biography, Crime, Drama            ",118814
"Enter the Dragon",1973,"7.7",102,"Action, Crime, Drama            ",102163
"Deliverance",1972,"7.7",109,"Adventure, Drama, Thriller            ",105076
"The French Connection",1971,"7.7",104,"Action, Crime, Drama            ",118186
"Dirty Harry",1971,"7.7",102,"Action, Crime, Thriller            ",151604
"The Odd Couple",1968,"7.7",105,"Comedy            ",34095
"The Dirty Dozen",1967,"7.7",150,"Action, Adventure, War            ",70988
"Belle de jour",1967,"7.7",100,"Drama, Romance            ",43088
"A Man for All Seasons",1966,"7.7",120,"Biography, Drama, History            ",33758
"Repulsion",1965,"7.7",105,"Drama, Horror, Thriller            ",52014
"Zulu",1964,"7.7",138,"Drama, History, War            ",38305
"Goldfinger",1964,"7.7",110,"Action, Adventure, Thriller            ",184668
"The Birds",1963,"7.7",119,"Drama, Horror, Mystery            ",182688
"Cape Fear",1962,"7.7",106,"Drama, Thriller            ",28399
"Peeping Tom",1960,"7.7",101,"Drama, Horror, Thriller            ",34161
"The Magnificent Seven",1960,"7.7",128,"Action, Adventure, Western            ",92644
"Les yeux sans visage",1960,"7.7",90,"Drama, Horror            ",30457
"Invasion of the Body Snatchers",1956,"7.7",80,"Drama, Horror, Sci-Fi            ",48169
"Rebel Without a Cause",1955,"7.7",111,"Drama            ",88228
"The Ladykillers",1955,"7.7",91,"Comedy, Crime            ",28650
"The Caine Mutiny",1954,"7.7",124,"Drama, War            ",27064
"The Day the Earth Stood Still",1951,"7.7",92,"Drama, Sci-Fi            ",80404
"Fantasia",1940,"7.7",125,"Animation, Family, Fantasy            ",93376
"The Invisible Man",1933,"7.7",71,"Horror, Sci-Fi            ",33807
"Scarface",1932,"7.7",93,"Action, Crime, Drama            ",27267
"Dark Waters",2019,"7.6",126,"Biography, Drama, History            ",79656
"Searching",2018,"7.6",102,"Drama, Mystery, Thriller            ",156119
"Once Upon a Time in... Hollywood",2019,"7.6",161,"Comedy, Drama            ",663589
"Nelyubov",2017,"7.6",127,"Drama            ",32250
"Busanhaeng",2016,"7.6",118,"Action, Horror, Thriller            ",200441
"The Florida Project",2017,"7.6",111,"Drama            ",107327
"Just Mercy",2019,"7.6",137,"Biography, Crime, Drama            ",61158
"Gifted",2017,"7.6",101,"Drama            ",110637
"Victoria",2015,"7.6",138,"Crime, Drama, Romance            ",57028
"Guardians of the Galaxy Vol. 2",2017,"7.6",136,"Action, Adventure, Comedy            ",632120
"Only the Brave",2017,"7.6",134,"Action, Biography, Drama            ",65131
"Moana",2016,"7.6",107,"Animation, Adventure, Comedy            ",308952
"Sicario",2015,"7.6",121,"Action, Crime, Drama            ",407294
"Leviafan",2014,"7.6",140,"Crime, Drama            ",52236
"Hell or High Water",2016,"7.6",102,"Action, Crime, Drama            ",219981
"Philomena",2013,"7.6",98,"Biography, Comedy, Drama            ",98264
"El cuerpo",2012,"7.6",112,"Mystery, Thriller            ",63244
"Serbuan maut",2011,"7.6",101,"Action, Crime, Thriller            ",199293
"End of Watch",2012,"7.6",109,"Action, Crime, Drama            ",240077
"A Star Is Born",2018,"7.6",136,"Drama, Music, Romance            ",365521
"True Grit",2010,"7.6",110,"Drama, Western            ",329189
"Hævnen",2010,"7.6",118,"Drama, Romance            ",39695
"Despicable Me",2010,"7.6",95,"Animation, Adventure, Comedy            ",525319
"50/50",2011,"7.6",100,"Comedy, Drama, Romance            ",325100
"Celda 211",2009,"7.6",113,"Action, Crime, Drama            ",66460
"Moneyball",2011,"7.6",133,"Biography, Drama, Sport            ",402084
"La piel que habito",2011,"7.6",120,"Drama, Horror, Thriller            ",147722
"Zombieland",2009,"7.6",88,"Action, Comedy, Horror            ",551784
"Die Welle",2008,"7.6",107,"Drama, Thriller            ",106979
"(500) Days of Summer",2009,"7.6",95,"Comedy, Drama, Romance            ",495622
"Sherlock Holmes",2009,"7.6",128,"Action, Adventure, Mystery            ",612148
"The Blind Side",2009,"7.6",129,"Biography, Drama, Sport            ",316170
"Seven Pounds",2008,"7.6",123,"Drama            ",297082
"Eastern Promises",2007,"7.6",100,"Crime, Drama, Thriller            ",237497
"Stardust",2007,"7.6",127,"Adventure, Family, Fantasy            ",266480
"The Secret of Kells",2009,"7.6",71,"Animation, Adventure, Family            ",34466
"Inside Man",2006,"7.6",129,"Crime, Drama, Mystery            ",360472
"Gone Baby Gone",2007,"7.6",114,"Crime, Drama, Mystery            ",266220
"Harry Potter and the Half-Blood Prince",2009,"7.6",153,"Action, Adventure, Family            ",516427
"300",2006,"7.6",117,"Action, Drama            ",766766
"Match Point",2005,"7.6",124,"Drama, Romance, Thriller            ",214056
"Watchmen",2009,"7.6",162,"Action, Drama, Mystery            ",532794
"Saw",2004,"7.6",103,"Horror, Mystery, Thriller            ",404260
"Mysterious Skin",2004,"7.6",105,"Drama            ",68167
"Un long dimanche de fiançailles",2004,"7.6",133,"Drama, Mystery, Romance            ",72855
"The Station Agent",2003,"7.6",89,"Comedy, Drama            ",69578
"21 Grams",2003,"7.6",124,"Crime, Drama, Thriller            ",232725
"Finding Neverland",2004,"7.6",106,"Biography, Drama, Family            ",203618
"25th Hour",2002,"7.6",135,"Drama            ",176094
"The Butterfly Effect",2004,"7.6",113,"Drama, Sci-Fi, Thriller            ",473790
"I Am Sam",2001,"7.6",132,"Drama            ",148055
"Batoru rowaiaru",2000,"7.6",114,"Action, Adventure, Drama            ",178732
"The Royal Tenenbaums",2001,"7.6",110,"Comedy, Drama            ",282901
"Y tu mamá también",2001,"7.6",106,"Drama            ",120625
"Harry Potter and the Sorcerer's Stone",2001,"7.6",152,"Adventure, Family, Fantasy            ",734441
"The Others",2001,"7.6",101,"Horror, Mystery, Thriller            ",355265
"Minority Report",2002,"7.6",145,"Action, Crime, Mystery            ",534114
"American Psycho",2000,"7.6",101,"Crime, Drama, Horror            ",544705
"The Thin Red Line",1998,"7.6",170,"Drama, History, War            ",183098
"Dark City",1998,"7.6",100,"Fantasy, Mystery, Sci-Fi            ",195881
"Lost Highway",1997,"7.6",134,"Mystery, Thriller            ",138261
"The Bridges of Madison County",1995,"7.6",135,"Drama, Romance            ",78662
"Apollo 13",1995,"7.6",140,"Adventure, Drama, History            ",285561
"Trois couleurs: Blanc",1994,"7.6",92,"Comedy, Drama, Romance            ",70971
"Dazed and Confused",1993,"7.6",102,"Comedy            ",177045
"My Cousin Vinny",1992,"7.6",120,"Comedy, Crime            ",118477
"Kal Hee",1991,"7.6",118,"Animation, Drama, Romance            ",30497
"Home Alone",1990,"7.6",103,"Comedy, Family            ",545982
"When Harry Met Sally...",1989,"7.6",95,"Comedy, Drama, Romance            ",209886
"The Naked Gun: From the Files of Police Squad!",1988,"7.6",85,"Comedy, Crime            ",163271
"Withnail & I",1987,"7.6",107,"Comedy, Drama            ",42904
"Lethal Weapon",1987,"7.6",109,"Action, Crime, Thriller            ",250703
"Blood Simple",1984,"7.6",99,"Crime, Drama, Thriller            ",93789
"Mad Max 2",1981,"7.6",96,"Action, Adventure, Sci-Fi            ",175302
"Rupan sansei: Kariosutoro no shiro",1979,"7.6",100,"Animation, Action, Adventure            ",29676
"Close Encounters of the Third Kind",1977,"7.6",138,"Drama, Sci-Fi            ",195545
"Le locataire",1976,"7.6",126,"Drama, Thriller            ",42798
"Giù la testa",1971,"7.6",157,"Drama, War, Western            ",33676
"Kelly's Heroes",1970,"7.6",144,"Adventure, Comedy, War            ",48171
"Where Eagles Dare",1968,"7.6",158,"Action, Adventure, War            ",56722
"The Jungle Book",1967,"7.6",78,"Animation, Adventure, Comedy            ",175850
"Breakfast at Tiffany's",1961,"7.6",115,"Comedy, Drama, Romance            ",175157
"Giant",1956,"7.6",201,"Drama, Western            ",37577
"Sabrina",1954,"7.6",113,"Comedy, Drama, Romance            ",63152
"From Here to Eternity",1953,"7.6",118,"Drama, Romance, War            ",45898
"Gilda",1946,"7.6",110,"Drama, Film-Noir, Romance            ",31459
"Lifeboat",1944,"7.6",97,"Drama, War            ",28253
"The 39 Steps",1935,"7.6",86,"Crime, Mystery, Thriller            ",55438
